id,name,adm2,adm1,lat,lon
101020100,上海,上海,上海市,31.23171,121.47264
101290501,保山,保山,云南省,25.11180,99.16713
101290504,施甸,保山,云南省,24.73085,99.18376
101290505,昌宁,保山,云南省,24.82366,99.61234
101290506,腾冲,保山,云南省,25.01757,98.49729
101290503,龙陵,保山,云南省,24.59191,98.69357
101290213,大理市,大理白族自治州,云南省,25.67847,100.30161
101290602,西畴,文山,云南省,23.43744,104.67571
101290601,文山州,文山壮族苗族自治州,云南省,23.36951,104.24401
101290609,文山市,文山壮族苗族自治州,云南省,23.38683,104.23324
101290408,会泽,曲靖,云南省,26.41286,103.30004
101290409,宣威,曲靖,云南省,26.22778,104.09554
101290404,富源,曲靖,云南省,25.67064,104.25692
101290406,师宗,曲靖,云南省,24.82568,103.99381
101290401,曲靖,曲靖,云南省,25.50156,103.79785
101290402,沾益,曲靖,云南省,25.60088,103.81926
101290407,罗平,曲靖,云南省,24.88571,104.30927
101290403,陆良,曲靖,云南省,25.02288,103.65524
101290405,马龙,曲靖,云南省,25.42945,103.57876
101290811,楚雄市,楚雄彝族自治州,云南省,25.03295,101.54624
101290314,红河县,红河州,云南省,23.36895,102.42057
101080303,海南,乌海,内蒙古自治区,39.44153,106.88479
101080608,克什克腾,赤峰,内蒙古自治区,43.25623,117.54247
101080611,喀喇沁,赤峰,内蒙古自治区,41.92778,118.70857
101080613,宁城,赤峰,内蒙古自治区,41.59869,119.33924
101080606,巴林右旗,赤峰,内蒙古自治区,43.52896,118.67835
101080605,巴林左旗,赤峰,内蒙古自治区,43.98072,119.39174
101080614,敖汉,赤峰,内蒙古自治区,42.28701,119.90649
101080607,林西,赤峰,内蒙古自治区,43.60533,118.05775
101080609,翁牛特,赤峰,内蒙古自治区,42.93713,119.02262
101080601,赤峰,赤峰,内蒙古自治区,42.25688,118.88761
101080603,阿鲁旗,赤峰,内蒙古自治区,43.87240,120.06553
101080508,奈曼,通辽,内蒙古自治区,42.84685,120.66254
101080507,库伦,通辽,内蒙古自治区,42.73469,121.77489
101080506,开鲁,通辽,内蒙古自治区,43.60243,121.30880
101080509,扎鲁特,通辽,内蒙古自治区,44.55529,120.90527
101080503,科左中旗,通辽,内蒙古自治区,44.12661,123.31220
101080504,科左后旗,通辽,内蒙古自治区,42.93511,122.35677
101080501,通辽,通辽,内蒙古自治区,43.61743,122.26312
101080704,准格尔,鄂尔多斯,内蒙古自治区,39.86522,111.23834
101080703,达拉特,鄂尔多斯,内蒙古自治区,40.40408,110.04028
101080701,鄂尔多斯,鄂尔多斯,内蒙古自治区,39.60874,109.78247
101010100,北京,北京,北京市,39.90499,116.40529
101060210,丰满,吉林,吉林省,43.81659,126.56076
101060201,吉林,吉林,吉林省,43.84358,126.55302
101060207,昌邑,吉林,吉林省,43.85112,126.57076
101060206,桦甸,吉林,吉林省,42.97209,126.74545
101060203,永吉,吉林,吉林省,43.66742,126.50163
101060205,磐石,吉林,吉林省,42.94247,126.05993
101060202,舒兰,吉林,吉林省,44.41091,126.94782
101060209,船营,吉林,吉林省,43.84380,126.55239
101060204,蛟河,吉林,吉林省,43.72058,127.34274
101060208,龙潭,吉林,吉林省,43.90976,126.56143
101060802,乾安,松原,吉林省,45.00685,124.02436
101060801,松原,松原,吉林省,45.11824,124.82361
101060603,大安,白城,吉林省,45.50765,124.29151
101060602,洮南,白城,吉林省,45.33911,122.78378
101060601,白城,白城,吉林省,45.61903,122.84111
101060605,通榆,白城,吉林省,44.80915,123.08855
101060604,镇赉,白城,吉林省,45.84609,123.20225
101060702,东丰,辽源,吉林省,42.67523,125.52963
101060703,东辽,辽源,吉林省,42.92772,124.99200
101060701,辽源,辽源,吉林省,42.90269,125.14535
101271619,布拖,凉山,四川省,27.70906,102.80880
101271618,美姑,凉山,四川省,28.32795,103.13200
101271617,雷波,凉山,四川省,28.26295,103.57159
101270106,双流,成都,四川省,30.57324,103.92271
101270108,大邑,成都,四川省,30.58660,103.52240
101270101,成都,成都,四川省,30.57296,104.06630
101270103,新都,成都,四川省,30.82422,104.16022
101270104,温江,成都,四川省,30.69800,103.83678
101270109,蒲江,成都,四川省,30.19436,103.51154
101270107,郫都,成都,四川省,30.80875,103.88784
101270105,金堂,成都,四川省,30.85842,104.41560
101270102,龙泉驿,成都,四川省,30.56065,104.26918
101271702,名山,雅安,四川省,30.08472,103.11221
101271706,天全,雅安,四川省,30.05996,102.76346
101271708,宝兴,雅安,四川省,30.36903,102.81338
101271704,汉源,雅安,四川省,29.34992,102.67715
101271705,石棉,雅安,四川省,29.23406,102.35962
101271707,芦山,雅安,四川省,30.15291,102.92402
101271703,荥经,雅安,四川省,29.79553,102.84467
101271701,雅安,雅安,四川省,29.98772,103.00103
101030100,天津,天津,天津市,39.12560,117.19019
101031600,河北,天津,天津市,39.15663,117.20157
101170501,中卫,中卫,宁夏回族自治区,37.51495,105.18957
101170502,中宁,中卫,宁夏回族自治区,37.48974,105.67578
101170504,海原,中卫,宁夏回族自治区,36.56201,105.64732
101170302,同心,吴忠,宁夏回族自治区,36.98290,105.91476
101170301,吴忠,吴忠,宁夏回族自治区,37.98616,106.19941
101170303,盐池,吴忠,宁夏回族自治区,37.78422,107.40541
101170306,青铜峡,吴忠,宁夏回族自治区,38.02151,106.07539
101170401,固原,固原,宁夏回族自治区,36.00456,106.28524
101170406,彭阳,固原,宁夏回族自治区,35.84998,106.64151
101170404,泾源,固原,宁夏回族自治区,35.49344,106.33868
101170402,西吉,固原,宁夏回族自治区,35.96539,105.73180
101170403,隆德,固原,宁夏回族自治区,35.61823,106.12344
101170203,平罗,石嘴山,宁夏回族自治区,38.90674,106.54489
101170202,惠农,石嘴山,宁夏回族自治区,39.23010,106.77551
101170201,石嘴山,石嘴山,宁夏回族自治区,39.01333,106.37618
101170105,兴庆,银川,宁夏回族自治区,38.46747,106.27840
101170102,永宁,银川,宁夏回族自治区,38.28043,106.25378
101170103,灵武,银川,宁夏回族自治区,38.09406,106.33470
101170104,贺兰,银川,宁夏回族自治区,38.55456,106.34590
101170101,银川,银川,宁夏回族自治区,38.46637,106.27818
101220603,太湖,安庆,安徽省,30.45187,116.30522
101220601,安庆,安庆,安徽省,30.53183,117.11535
101220606,宿松,安庆,安徽省,30.15833,116.12020
101220608,岳西,安庆,安徽省,30.84850,116.36048
101220605,怀宁,安庆,安徽省,30.73500,116.82867
101220607,望江,安庆,安徽省,30.12491,116.69093
101220609,桐城,安庆,安徽省,31.05058,116.95966
101220604,潜山,安庆,安徽省,30.63822,116.57367
101220701,宿州,宿州,安徽省,33.63389,116.98409
101220704,泗县,宿州,安徽省,33.47758,117.88545
101220703,灵璧,宿州,安徽省,33.55446,117.54932
101220702,砀山,宿州,安徽省,34.42625,116.35111
101220705,萧县,宿州,安徽省,34.18327,116.94540
101221305,枞阳,铜陵,安徽省,30.70062,117.22203
101220804,临泉,阜阳,安徽省,33.06270,115.26169
101220802,阜南,阜阳,安徽省,32.63810,115.59053
101220801,阜阳,阜阳,安徽省,32.89697,115.81973
101220803,颍上,阜阳,安徽省,32.63707,116.25913
101220502,当涂,马鞍山,安徽省,31.55617,118.48988
101220501,马鞍山,马鞍山,安徽省,31.68936,118.50790
101121206,东营区,东营,山东省,37.44896,118.58218
101120901,临沂,临沂,山东省,35.10377,118.35646
101120905,临沭,临沂,山东省,34.91706,118.64838
101120904,兰陵,临沂,山东省,34.85557,118.04997
101120903,沂南,临沂,山东省,35.54700,118.45540
101120902,莒南,临沂,山东省,35.17591,118.83833
101120907,蒙阴,临沂,山东省,35.71244,117.94327
101120906,郯城,临沂,山东省,34.61474,118.34296
101120805,东平,泰安,山东省,35.93047,116.46105
101120806,宁阳,泰安,山东省,35.76754,116.79929
101120802,新泰,泰安,山东省,35.91039,117.76609
101120801,泰安,泰安,山东省,36.19497,117.12907
101120804,肥城,泰安,山东省,36.18560,116.76370
101120705,兖州,济宁,山东省,35.55645,116.82900
101120710,曲阜,济宁,山东省,35.59279,116.99188
101120709,梁山,济宁,山东省,35.76596,116.13178
101120707,汶上,济宁,山东省,35.72175,116.48714
101120708,泗水,济宁,山东省,35.65322,117.27361
101120711,邹城,济宁,山东省,35.40526,116.96673
101120706,金乡,济宁,山东省,35.06977,116.31036
101100203,云州,大同,山西省,40.03935,113.61131
101100201,大同,大同,山西省,40.09711,113.36675
101100204,天镇,大同,山西省,40.42134,114.09112
101100208,左云,大同,山西省,40.01288,112.70641
101100205,广灵,大同,山西省,39.76305,114.27925
101100207,浑源,大同,山西省,39.69910,113.69809
101100206,灵丘,大同,山西省,39.43887,114.23576
101100202,阳高,大同,山西省,40.36493,113.74987
101100105,古交,太原,山西省,37.90854,112.17436
101100101,太原,太原,山西省,37.85701,112.54925
101100104,娄烦,太原,山西省,38.06604,111.79380
101100107,小店,太原,山西省,37.73687,112.56552
101100106,尖草坪区,太原,山西省,37.93989,112.48712
101100102,清徐,太原,山西省,37.60729,112.35796
101100103,阳曲,太原,山西省,38.05880,112.67382
101100401,晋中,晋中,山西省,37.69650,112.73647
101100402,榆次,晋中,山西省,37.69760,112.74006
101100303,平定,阳泉,山西省,37.80029,113.63105
101100302,盂县,阳泉,山西省,38.08613,113.41223
101100301,阳泉,阳泉,山西省,37.86119,113.58328
101280103,从化,广州,广东省,23.54528,113.58739
101280104,增城,广州,广东省,23.29050,113.82958
101280101,广州,广州,广东省,23.12518,113.28064
101280102,番禺,广州,广东省,22.93858,113.36462
101280105,花都,广州,广东省,23.39205,113.21118
101280302,博罗,惠州,广东省,23.16758,114.28426
101280301,惠州,惠州,广东省,23.07941,114.41260
101282105,城区,汕尾,广东省,22.77870,115.36503
101280610,光明,深圳,广东省,22.74875,113.93606
101280205,乐昌,韶关,广东省,25.12845,113.35241
101280202,乳源,韶关,广东省,24.77611,113.27842
101280206,仁化,韶关,广东省,25.08823,113.74863
101280207,南雄,韶关,广东省,25.11533,114.31123
101280203,始兴,韶关,广东省,24.94836,114.06721
101280208,新丰,韶关,广东省,24.05541,114.20703
101280209,曲江,韶关,广东省,24.68020,113.60558
101280211,武江,韶关,广东省,24.80016,113.58829
101280210,浈江,韶关,广东省,24.80398,113.59922
101280204,翁源,韶关,广东省,24.35389,114.13129
101280201,韶关,韶关,广东省,24.80132,113.59155
101300508,全州,桂林,广西壮族自治区,25.92990,111.07299
101300512,平乐,桂林,广西壮族自治区,24.63222,110.64282
101300511,恭城,桂林,广西壮族自治区,24.83361,110.82952
101300509,灌阳,桂林,广西壮族自治区,25.48910,111.16025
101300513,荔浦,桂林,广西壮族自治区,24.49779,110.40015
101300514,资源,桂林,广西壮族自治区,26.03420,110.64259
101300510,阳朔,桂林,广西壮族自治区,24.77534,110.49470
101300606,岑溪,梧州,广西壮族自治区,22.91841,110.99812
101300601,梧州,梧州,广西壮族自治区,23.47480,111.29761
101300604,苍梧,梧州,广西壮族自治区,23.84510,111.54401
101300605,蒙山,梧州,广西壮族自治区,24.19983,110.52260
101300602,藤县,梧州,广西壮族自治区,23.37396,110.93182
101300901,玉林,玉林,广西壮族自治区,22.63136,110.15440
101300803,平南,贵港,广西壮族自治区,23.54455,110.39748
101300802,桂平,贵港,广西壮族自治区,23.38247,110.07467
101300801,贵港,贵港,广西壮族自治区,23.09360,109.60214
101300703,富川,贺州,广西壮族自治区,24.81896,111.27723
101300702,昭平,贺州,广西壮族自治区,24.17296,110.81087
101300701,贺州,贺州,广西壮族自治区,24.41414,111.55206
101300704,钟山,贺州,广西壮族自治区,24.52857,111.30363
101131001,伊宁,伊犁,新疆维吾尔自治区,43.92221,81.31635
101131002,察布查尔,伊犁,新疆维吾尔自治区,43.83888,81.15087
101131003,尼勒克,伊犁,新疆维吾尔自治区,43.78974,82.50412
101130910,伽师,喀什,新疆维吾尔自治区,39.49432,76.74198
101130906,叶城,喀什,新疆维吾尔自治区,37.88468,77.42036
101130903,塔什库尔干,喀什,新疆维吾尔自治区,37.77544,75.22807
101130909,岳普湖,喀什,新疆维吾尔自治区,39.23525,76.77240
101130908,巴楚,喀什,新疆维吾尔自治区,39.78348,78.55041
101130907,泽普,喀什,新疆维吾尔自治区,38.19122,77.27359
101130912,疏勒,喀什,新疆维吾尔自治区,39.39946,76.05365
101130911,疏附,喀什,新疆维吾尔自治区,39.37831,75.86308
101130902,英吉沙,喀什,新疆维吾尔自治区,38.92984,76.17429
101130905,莎车,喀什,新疆维吾尔自治区,38.41450,77.24889
101130904,麦盖提,喀什,新疆维吾尔自治区,38.90339,77.65154
101130901,喀什地区,喀什地区,新疆维吾尔自治区,39.46766,75.98914
101130805,新和,阿克苏,新疆维吾尔自治区,41.55117,82.61083
101130808,柯坪,阿克苏,新疆维吾尔自治区,40.50624,79.04785
101130806,沙雅,阿克苏,新疆维吾尔自治区,41.22627,82.78077
101130809,阿瓦提,阿克苏,新疆维吾尔自治区,40.63842,80.37843
101130807,库车,阿克苏地区,新疆维吾尔自治区,41.71714,82.96304
101190105,六合,南京,江苏省,32.34066,118.85065
101190101,南京,南京,江苏省,32.04155,118.76741
101190104,江宁,南京,江苏省,31.95342,118.85062
101190107,浦口,南京,江苏省,32.05839,118.62531
101190102,溧水,南京,江苏省,31.65306,119.02873
101190103,高淳,南京,江苏省,31.32713,118.87589
101190203,宜兴,无锡,江苏省,31.36438,119.82054
101190201,无锡,无锡,江苏省,31.49106,120.31189
101190202,江阴,无锡,江苏省,31.91098,120.27589
101190204,锡山,无锡,江苏省,31.58556,120.35730
101190405,吴中,苏州,江苏省,31.27084,120.62462
101190402,常熟,苏州,江苏省,31.65816,120.74852
101190403,张家港,苏州,江苏省,31.86555,120.54344
101190404,昆山,苏州,江苏省,31.38193,120.95814
101190401,苏州,苏州,江苏省,31.29938,120.61958
101190305,丹徒,镇江,江苏省,32.12897,119.43388
101190302,丹阳,镇江,江苏省,31.99146,119.58191
101190304,句容,镇江,江苏省,31.94736,119.16714
101190303,扬中,镇江,江苏省,32.23727,119.82806
101190301,镇江,镇江,江苏省,32.20440,119.45275
101240306,万年,上饶,江西省,28.69259,117.07015
101240301,上饶,上饶,江西省,28.44442,117.97118
101240305,余干,上饶,江西省,28.69173,116.69107
101240303,婺源,上饶,江西省,29.25402,117.86219
101240313,广丰,上饶,江西省,28.44029,118.18985
101240308,广信,上饶,江西省,28.45390,117.90612
101240309,弋阳,上饶,江西省,28.40239,117.43501
101240307,德兴,上饶,江西省,28.94503,117.57874
101240310,横峰,上饶,江西省,28.41510,117.60825
101240312,玉山,上饶,江西省,28.67348,118.24441
101240302,鄱阳,上饶,江西省,28.99337,116.67374
101240311,铅山,上饶,江西省,28.31089,117.71191
101240212,修水,九江,江西省,29.03273,114.57343
101240203,庐山,九江,江西省,29.45617,116.04374
101240208,彭泽,九江,江西省,29.89887,116.55584
101240205,德安,九江,江西省,29.32748,115.76261
101240204,武宁,九江,江西省,29.26018,115.10564
101240206,永修,九江,江西省,29.01821,115.80905
101240207,湖口,九江,江西省,29.72630,116.24432
101240210,都昌,九江,江西省,29.27511,116.20512
101090201,保定,保定,河北省,38.86766,115.48233
101090102,井陉,石家庄,河北省,38.03362,114.14449
101090112,元氏,石家庄,河北省,37.76251,114.52618
101090111,平山,石家庄,河北省,38.25931,114.18414
101090117,新乐,石家庄,河北省,38.34477,114.68578
101090110,无极,石家庄,河北省,38.17638,114.97784
101090116,晋州,石家庄,河北省,38.02748,115.04488
101090104,栾城,石家庄,河北省,37.88691,114.65428
101090103,正定,石家庄,河北省,38.14784,114.56989
101090108,深泽,石家庄,河北省,38.18454,115.20021
101090106,灵寿,石家庄,河北省,38.30655,114.37946
101090101,石家庄,石家庄,河北省,38.04548,114.50246
101090115,藁城,石家庄,河北省,38.03377,114.84965
101090105,行唐,石家庄,河北省,38.43742,114.55273
101090109,赞皇,石家庄,河北省,37.66020,114.38776
101090113,赵县,石家庄,河北省,37.75434,114.77536
101090114,辛集,石家庄,河北省,37.92904,115.21745
101090107,高邑,石家庄,河北省,37.60571,114.61070
101090118,鹿泉,石家庄,河北省,38.09399,114.32102
101180204,内黄,安阳,河南省,35.95370,114.90458
101180201,安阳,安阳,河南省,36.10344,114.35249
101180205,林州,安阳,河南省,36.06340,113.82377
101180202,汤阴,安阳,河南省,35.92235,114.36236
101180203,滑县,安阳,河南省,35.57463,114.52400
101180305,卫辉,新乡,河南省,35.40430,114.06586
101180303,原阳,新乡,河南省,35.05400,113.96597
101180306,延津,新乡,河南省,35.14951,114.20098
101180301,新乡,新乡,河南省,35.30359,113.92679
101180302,获嘉,新乡,河南省,35.26168,113.65725
101180304,辉县,新乡,河南省,35.46132,113.80252
101180108,上街,郑州,河南省,34.80869,113.29828
101180107,中牟,郑州,河南省,34.72198,114.02252
101180102,巩义,郑州,河南省,34.75218,112.98283
101180105,新密,郑州,河南省,34.53785,113.38062
101180106,新郑,郑州,河南省,34.39422,113.73967
101180104,登封,郑州,河南省,34.45994,113.03777
101180103,荥阳,郑州,河南省,34.78908,113.39153
101180101,郑州,郑州,河南省,34.75798,113.66541
101210301,嘉兴,嘉兴,浙江省,30.76265,120.75086
101210302,嘉善,嘉兴,浙江省,30.84135,120.92187
101210305,平湖,嘉兴,浙江省,30.69892,121.01466
101210304,桐乡,嘉兴,浙江省,30.62907,120.55109
101210303,海宁,嘉兴,浙江省,30.52554,120.68882
101210306,海盐,嘉兴,浙江省,30.52222,120.94202
101210401,宁波,宁波,浙江省,29.86026,121.62454
101210403,慈溪,宁波,浙江省,30.17714,121.24806
101210107,临安,杭州,浙江省,30.23115,119.71510
101210106,余杭,杭州,浙江省,30.27371,119.97874
101210108,富阳,杭州,浙江省,30.04987,119.94987
101210105,建德,杭州,浙江省,29.47228,119.27909
101210101,杭州,杭州,浙江省,30.24603,120.21079
101210103,桐庐,杭州,浙江省,29.79744,119.68504
101210104,淳安,杭州,浙江省,29.60418,119.04427
101210102,萧山,杭州,浙江省,30.16293,120.27069
101210203,安吉,湖州,浙江省,30.63197,119.68789
101210204,德清,湖州,浙江省,30.53493,119.96766
101210201,湖州,湖州,浙江省,30.86720,120.10240
101210202,长兴,湖州,浙江省,31.00475,119.91013
101310201,三亚,三亚,海南省,18.24787,109.50827
101310202,东方,东方,海南省,19.10198,108.65379
101310203,临高,临高,海南省,19.90829,109.68770
101310205,儋州,儋州,海南省,19.51749,109.57678
101310209,定安,定安,海南省,19.68497,110.34924
101310210,屯昌,屯昌,海南省,19.36292,110.10278
101310212,文昌,文昌,海南省,19.54423,110.79747
101310206,昌江,昌江,海南省,19.26097,109.05335
101310101,海口,海口,海南省,20.04581,110.19842
101310204,澄迈,澄迈,海南省,19.73710,110.00715
101310208,琼中,琼中,海南省,19.03557,109.84000
101310211,琼海,琼海,海南省,19.24601,110.46678
101310207,白沙,白沙,海南省,19.22459,109.45261
101200701,咸宁,咸宁,湖北省,29.83280,114.32896
101200703,嘉鱼,咸宁,湖北省,29.97336,113.92155
101200704,崇阳,咸宁,湖北省,29.54101,114.04996
101200702,赤壁,咸宁,湖北省,29.71688,113.88366
101200705,通城,咸宁,湖北省,29.24608,113.81413
101200706,通山,咸宁,湖北省,29.60446,114.49316
101200901,宜昌,宜昌,湖北省,30.70264,111.29084
101200903,秭归,宜昌,湖北省,30.82391,110.97678
101200902,远安,宜昌,湖北省,31.05963,111.64331
101200803,公安,荆州,湖北省,30.05907,112.23018
101200807,松滋,荆州,湖北省,30.17604,111.77818
101200802,江陵,荆州,湖北省,30.03392,112.41735
101200806,洪湖,荆州,湖北省,29.81297,113.47031
101200805,监利,荆州,湖北省,29.82008,112.90434
101200804,石首,荆州,湖北省,29.71644,112.40887
101200801,荆州,荆州,湖北省,30.32686,112.23813
101200605,下陆,黄石,湖北省,30.17785,114.97575
101200606,西塞山,黄石,湖北省,30.20536,115.09335
101200604,铁山,黄石,湖北省,30.20601,114.90137
101200603,阳新,黄石,湖北省,29.84157,115.21288
101250803,冷水江,娄底,湖南省,27.68576,111.43468
101250802,双峰,娄底,湖南省,27.45913,112.19824
101250801,娄底,娄底,湖南省,27.72814,112.00850
101250805,新化,娄底,湖南省,27.73746,111.30675
101250806,涟源,娄底,湖南省,27.69230,111.67085
101251002,华容,岳阳,湖南省,29.52411,112.55937
101251001,岳阳,岳阳,湖南省,29.37029,113.13286
101251004,汨罗,岳阳,湖南省,28.80315,113.07942
101251003,湘阴,岳阳,湖南省,28.67750,112.88975
101250705,沅江,益阳,湖南省,28.83971,112.36109
101250909,城步,邵阳,湖南省,26.36358,110.31323
101250907,新宁,邵阳,湖南省,26.43891,110.85912
101250904,新邵,邵阳,湖南省,27.31143,111.45976
101250908,武冈,邵阳,湖南省,26.73209,110.63680
101250903,洞口,邵阳,湖南省,27.06229,110.57921
101250906,绥宁,邵阳,湖南省,26.58062,110.15508
101250905,邵东,邵阳,湖南省,27.25727,111.74317
101250901,邵阳,邵阳,湖南省,27.23784,111.46923
101250910,邵阳县,邵阳,湖南省,26.98971,111.27570
101250902,隆回,邵阳,湖南省,27.11600,111.03879
101330102,氹仔島,澳門,澳門,22.16066,113.58257
101330101,澳門,澳門,澳門,22.18994,113.53805
101330103,路環,澳門,澳門,22.13268,113.57227
7C47E,大堂區,大堂區,澳門特別行政區,22.19100,113.54700
5102,望德堂區,望德堂區,澳門特別行政區,22.20000,113.54900
4B3A7,嘉模堂區,澳門,澳門特別行政區,22.15700,113.56000
1444B,路氹城,澳门,澳門特別行政區,22.14500,113.56400
83145,聖方濟各堂區,聖方濟各堂區,澳門特別行政區,22.11700,113.55200
D3B7A,花地瑪堂區,花地瑪堂區,澳門特別行政區,22.21100,113.54800
AEF10,花王堂區,花王堂區,澳門特別行政區,22.20100,113.54200
2E3F1,風順堂區,風順堂區,澳門特別行政區,22.18900,113.53400
101161106,东乡,临夏,甘肃省,35.66383,103.38957
101161101,临夏,临夏,甘肃省,35.59941,103.21163
101161105,和政,临夏,甘肃省,35.42597,103.35036
101161104,广河,临夏,甘肃省,35.48169,103.57619
101161102,康乐,临夏,甘肃省,35.37191,103.70985
101161103,永靖,临夏,甘肃省,35.93893,103.31987
101161107,积石山,临夏,甘肃省,35.71291,102.87747
101161108,临夏市,临夏回族自治州,甘肃省,35.60468,103.24222
101161109,临夏县,临夏州,甘肃省,35.47894,103.03510
101161201,合作,甘南,甘肃省,34.98597,102.91149
101161306,白银区,白银,甘肃省,36.53540,104.14856
101161009,两当,陇南,甘肃省,33.91073,106.30696
101161004,宕昌,陇南,甘肃省,34.04266,104.39448
101161005,康县,陇南,甘肃省,33.32827,105.60954
101161008,徽县,陇南,甘肃省,33.76778,106.08563
101161002,成县,陇南,甘肃省,33.73986,105.73444
101161003,文县,陇南,甘肃省,32.94217,104.68245
101161001,武都,陇南,甘肃省,33.38816,104.92986
101161007,礼县,陇南,甘肃省,34.18939,105.18162
101161006,西和,陇南,甘肃省,34.01372,105.29974
101230201,厦门,厦门,福建省,24.49048,118.11022
101230202,同安,厦门,福建省,24.72933,118.15045
101230302,古田,宁德,福建省,26.57749,118.74316
101230305,周宁,宁德,福建省,27.10311,119.33824
101230301,宁德,宁德,福建省,26.65924,119.52708
101230304,寿宁,宁德,福建省,27.45780,119.50674
101230309,屏南,宁德,福建省,26.91083,118.98754
101230307,柘荣,宁德,福建省,27.23616,119.89822
101230306,福安,宁德,福建省,27.08425,119.65080
101230308,福鼎,宁德,福建省,27.31888,120.21977
101230303,霞浦,宁德,福建省,26.88207,120.00521
101230108,平潭,福州,福建省,25.50367,119.79120
101230107,永泰,福州,福建省,25.86482,118.93909
101230101,福州,福州,福建省,26.07530,119.30624
101230111,福清,福州,福建省,25.72040,119.37699
101230104,罗源,福州,福建省,26.48723,119.55264
101230105,连江,福州,福建省,26.20211,119.53837
101230110,长乐,福州,福建省,25.96058,119.51085
101230103,闽侯,福州,福建省,26.14857,119.14512
101230102,闽清,福州,福建省,26.22379,118.86842
1C2F9,卑南鄉,台東縣,臺灣省,22.76500,121.00200
BE9AC,大武鄉,台東縣,臺灣省,22.38300,120.89800
5FFC8,太麻里鄉,台東縣,臺灣省,22.59200,120.98000
EE096,延平鄉,台東縣,臺灣省,22.90300,120.98300
DE8A4,成功鎮,台東縣,臺灣省,23.12700,121.35400
D7D8E,東河鄉,台東縣,臺灣省,22.98000,121.25200
6149A,池上鄉,台東縣,臺灣省,23.09300,121.21800
33D54,海端鄉,台東縣,臺灣省,23.11500,121.01800
96121,達仁鄉,台東縣,臺灣省,22.38500,120.83500
528C1,金峰鄉,台東縣,臺灣省,22.58200,120.85700
2E301,長濱鄉,台東縣,臺灣省,23.33500,121.42600
15F5F,關山鎮,台東縣,臺灣省,23.03800,121.17700
97619,鹿野鄉,台東縣,臺灣省,22.95200,121.15700
A9C2C,新園鄉,屏東縣,臺灣省,22.51700,120.45000
E9D19,新埤鄉,屏東縣,臺灣省,22.48700,120.58500
EC5FB,琉球鄉,屏東縣,臺灣省,22.34000,120.37100
5DCD0,竹田鄉,屏東縣,臺灣省,22.59000,120.52800
AD515,萬巒鄉,屏東縣,臺灣省,22.58200,120.60200
963DA,霧臺鄉,屏東縣,臺灣省,22.76000,120.80100
F4F1,鹽埔鄉,屏東縣,臺灣省,22.74300,120.56900
101140105,堆龙德庆,拉萨,西藏自治区,29.64735,91.00282
101140108,墨竹工卡,拉萨,西藏自治区,29.83466,91.73116
101140103,尼木,拉萨,西藏自治区,29.43135,90.16554
101140102,当雄,拉萨,西藏自治区,30.47482,91.10355
101140101,拉萨,拉萨,西藏自治区,29.66036,91.13221
101140106,曲水,拉萨,西藏自治区,29.34990,90.73805
101140104,林周,拉萨,西藏自治区,29.89575,91.26184
101140107,达孜,拉萨,西藏自治区,29.67032,91.35098
101140208,仲巴,日喀则,西藏自治区,29.76834,84.03283
101140203,南木林,日喀则,西藏自治区,29.68046,89.09943
101140210,吉隆,日喀则,西藏自治区,28.85242,85.29835
101140205,定日,日喀则,西藏自治区,28.65667,87.12389
101140212,定结,日喀则,西藏自治区,28.36409,87.76772
101140202,拉孜,日喀则,西藏自治区,29.08514,87.63743
101140201,日喀则,日喀则,西藏自治区,29.26752,88.88515
101140211,昂仁,日喀则,西藏自治区,29.29476,87.23578
101140206,江孜,日喀则,西藏自治区,28.90885,89.60504
101140204,聂拉木,日喀则,西藏自治区,28.15595,85.98196
101140209,萨嘎,日喀则,西藏自治区,29.32819,85.23462
101140213,萨迦,日喀则,西藏自治区,28.90108,88.02301
101260306,关岭,安顺,贵州省,25.95352,105.53834
101260301,安顺,安顺,贵州省,26.24554,105.93219
101260304,平坝,安顺,贵州省,26.40608,106.25994
101260302,普定,安顺,贵州省,26.30579,105.74561
101260305,紫云,安顺,贵州省,25.75157,106.08452
101260303,镇宁,安顺,贵州省,26.05610,105.76865
101260215,红花岗,遵义,贵州省,27.64479,106.89360
101260501,凯里,黔东南,贵州省,26.58296,107.97754
101260411,三都,黔南,贵州省,25.98518,107.87747
101260409,平塘,黔南,贵州省,25.83180,107.32405
101260406,惠水,黔南,贵州省,26.12864,106.65785
101260410,独山,黔南,贵州省,25.82628,107.54276
101260403,瓮安,黔南,贵州省,27.06634,107.47842
101260405,福泉,黔南,贵州省,26.70251,107.51351
101260408,罗甸,黔南,贵州省,25.42989,106.75001
101260412,荔波,黔南,贵州省,25.41224,107.88380
101260402,贵定,黔南,贵州省,26.58081,107.23359
101260401,都匀,黔南,贵州省,26.25821,107.51702
101260404,长顺,黔南,贵州省,26.02212,106.44737
101260407,龙里,黔南,贵州省,26.44881,106.97773
101070201,大连,大连,辽宁省,38.91459,121.61862
101070207,庄河,大连,辽宁省,39.69829,122.97061
101070205,旅顺口,大连,辽宁省,38.81204,121.26713
101070204,普兰店,大连,辽宁省,39.40155,121.97050
101070202,瓦房店,大连,辽宁省,39.63065,122.00266
101070203,金州,大连,辽宁省,39.05275,121.78941
101070206,长海,大连,辽宁省,39.27240,122.58782
101070409,抚顺县,抚顺,辽宁省,41.73009,123.89992
101071208,朝阳县,朝阳,辽宁省,41.49777,120.38986
101070104,康平,沈阳,辽宁省,42.74153,123.35270
101070106,新民,沈阳,辽宁省,41.99651,122.82887
101070101,沈阳,沈阳,辽宁省,41.67758,123.46468
101070105,法库,沈阳,辽宁省,42.50705,123.41673
101070103,辽中,沈阳,辽宁省,41.51273,122.73127
101071108,铁岭县,铁岭,辽宁省,42.22338,123.72900
101070908,阜新县,阜新,辽宁省,42.06314,121.75220
101070302,台安,鞍山,辽宁省,41.38686,122.42973
101070303,岫岩,鞍山,辽宁省,40.28151,123.28833
101070304,海城,鞍山,辽宁省,40.88255,122.68518
101070301,鞍山,鞍山,辽宁省,41.11063,122.99563
101040100,重庆,重庆,重庆市,29.56376,106.55046
101110710,宁陕,安康,陕西省,33.31218,108.31371
101110709,镇坪,安康,陕西省,31.88339,109.52644
101110906,凤翔,宝鸡,陕西省,34.52167,107.40057
101110903,千阳,宝鸡,陕西省,34.64259,107.13299
101110901,宝鸡,宝鸡,陕西省,34.36286,107.23768
101110905,岐山,宝鸡,陕西省,34.44296,107.62447
101110907,扶风,宝鸡,陕西省,34.37550,107.89142
101110908,眉县,宝鸡,陕西省,34.27214,107.75237
101110904,麟游,宝鸡,陕西省,34.67772,107.79661
101110808,佛坪,汉中,陕西省,33.52074,107.98858
101110803,勉县,汉中,陕西省,33.15562,106.68018
101110810,南郑,汉中,陕西省,33.00334,106.94239
101110806,城固,汉中,陕西省,33.15310,107.32989
101110809,宁强,汉中,陕西省,32.83081,106.25739
101110801,汉中,汉中,陕西省,33.07767,107.02862
101110805,洋县,汉中,陕西省,33.22328,107.54997
101110804,留坝,汉中,陕西省,33.61334,106.92438
101110802,略阳,汉中,陕西省,33.32964,106.15390
101110807,西乡,汉中,陕西省,32.98796,107.76586
101110811,镇巴,汉中,陕西省,32.53585,107.89531
101150501,玛沁,果洛,青海省,34.47339,100.24353
101150502,班玛,果洛,青海省,32.93159,100.73795
101150202,乐都,海东,青海省,36.48029,102.40243
101150204,互助,海东,青海省,36.83994,101.95673
101150205,化隆,海东,青海省,36.09832,102.26233
101150201,平安,海东,青海省,36.50271,102.10429
101150206,循化,海东,青海省,35.84725,102.48653
101150203,民和,海东,青海省,36.32945,102.80421
101150401,共和,海南,青海省,36.28029,100.61960
101150406,兴海,海南,青海省,35.58909,99.98696
101150408,同德,海南,青海省,35.25449,100.57947
101150402,海南,海南,青海省,36.28035,100.61955
101150407,贵南,海南,青海省,35.58709,100.74792
101150404,贵德,海南,青海省,36.04046,101.43185
101150102,大通,西宁,青海省,36.93134,101.68418
101150104,湟中,西宁,青海省,36.50042,101.56947
101150103,湟源,西宁,青海省,36.68482,101.26344
101150301,同仁,黄南,青海省,35.51634,102.01760
101150302,尖扎,黄南,青海省,35.93821,102.03195
101150304,河南,黄南,青海省,34.73452,101.61188
101150303,泽库,黄南,青海省,35.03684,101.46935
101320103,新界,香港,香港,22.38100,114.18800
101320101,香港,香港,香港,22.30700,114.17700
2BBD1,九龍城,九龍,香港特別行政區,22.32500,114.18700
14606,油尖旺,九龍,香港特別行政區,22.30900,114.17100
28FE1,深水埗,九龍,香港特別行政區,22.33400,114.15400
8A9CA,觀塘,九龍,香港特別行政區,22.31800,114.21500
D5EC3,黃大仙,九龍,香港特別行政區,22.34000,114.19500
39CD9,元朗,新界,香港特別行政區,22.44300,114.02700
8E1C5,北區,新界,香港特別行政區,22.50000,114.13300
275A5,大埔,新界,香港特別行政區,22.45200,114.16600
1DC87,屯門,新界,香港特別行政區,22.39900,113.97500
55E7E,沙田,新界,香港特別行政區,22.37700,114.18000
DD9B5,荃灣,新界,香港特別行政區,22.37100,114.11400
2BC09,葵青,新界,香港特別行政區,22.35900,114.12900
4622E,西貢,新界,香港特別行政區,22.31000,114.25800
9173,離島,新界,香港特別行政區,22.27900,113.94300
1D255,中西區,香港,香港特別行政區,22.28600,114.14600
E87DC,南區,香港,香港特別行政區,22.25000,114.16700
1B6D3,東區,香港,香港特別行政區,22.28300,114.21700
407DA,灣仔,香港,香港特別行政區,22.27700,114.17900
101050112,五常,哈尔滨,黑龙江省,44.91942,127.15759
101050106,依兰,哈尔滨,黑龙江省,46.31511,129.56560
101050102,双城,哈尔滨,黑龙江省,45.37794,126.30878
101050103,呼兰,哈尔滨,黑龙江省,45.88956,126.58770
101050101,哈尔滨,哈尔滨,黑龙江省,45.80298,126.53505
101050105,宾县,哈尔滨,黑龙江省,45.75937,127.48594
101050111,尚志,哈尔滨,黑龙江省,45.21495,127.96854
101050107,巴彦,哈尔滨,黑龙江省,46.08189,127.40360
101050110,延寿,哈尔滨,黑龙江省,45.45565,128.33188
101050109,方正,哈尔滨,黑龙江省,45.83954,128.83614
101050113,木兰,哈尔滨,黑龙江省,45.94983,128.04268
101050108,通河,哈尔滨,黑龙江省,45.97762,128.74779
101050104,阿城,哈尔滨,黑龙江省,45.53837,126.97273
101050206,依安,齐齐哈尔,黑龙江省,47.89010,125.30756
101050205,富裕,齐齐哈尔,黑龙江省,47.79717,124.46911
101050207,拜泉,齐齐哈尔,黑龙江省,47.60737,126.09191
101050204,甘南,齐齐哈尔,黑龙江省,47.91784,123.50604
101050202,讷河,齐齐哈尔,黑龙江省,48.48113,124.88217
101050201,齐齐哈尔,齐齐哈尔,黑龙江省,47.34208,123.95792
101050203,龙江,齐齐哈尔,黑龙江省,47.33639,123.18723
